O,O,O,X,O,O,O,X,O,O,O,O,O,O,O,X,O,O,O,O,O,O,O,O,X,O,O,O,O,X,O,O,O,O,O,O,O,O,O,X
O,O,O,O,O,O,O,O,O,O,O,O,O,O,O,O,O,O,O,O,O,O,O,O,O,O,O,O,X,O,O,O,O,O,O,O,O,O,O,X
O,X,O,X,X,O,O,O,X,O,X,O,X,O,X,X,O,O,O,O,O,O,O,O,O,O,X,O,O,O,O,O,X,O,O,O,O,O,O,O
O,O,O,O,X,O,O,X,O,X,O,O,O,O,O,X,O,O,O,X,O,O,O,O,X,X,O,X,X,O,O,O,O,X,X,X,O,O,O,O
X,X,O,O,O,O,O,O,O,O,O,O,O,O,O,O,X,O,O,O,O,O,O,O,O,O,O,O,O,O,O,O,O,O,O,X,O,O,X,O
O,O,O,O,O,O,O,O,X,O,O,X,X,O,X,O,O,O,O,O,X,O,O,O,O,O,O,O,O,O,X,X,O,O,O,X,O,O,O,O
O,O,O,O,X,O,O,O,O,O,O,O,O,O,X,O,O,O,O,O,O,X,O,O,O,O,O,O,O,O,O,X,O,O,O,O,X,O,O,O
X,O,X,O,X,O,O,O,O,O,X,O,O,X,O,O,O,O,X,O,O,O,X,X,O,O,O,O,X,O,O,O,O,O,O,O,O,O,O,O
O,O,O,O,O,O,O,O,O,O,O,O,O,O,O,X,O,O,O,O,O,O,X,O,O,X,O,O,O,X,O,O,O,O,O,O,O,O,O,X
O,O,O,O,O,O,X,O,O,O,O,X,O,O,O,O,O,O,O,O,O,X,O,O,O,O,O,O,O,O,O,O,O,X,O,X,O,O,O,O
O,X,X,O,O,O,X,X,O,O,O,O,X,O,O,X,X,O,O,O,O,O,O,O,O,O,O,O,O,X,X,O,O,O,O,X,O,X,O,O
O,O,O,O,O,O,O,O,X,O,O,O,O,X,O,X,X,O,O,X,X,O,O,O,X,X,X,O,O,G,X,O,O,X,O,O,O,O,O,O
O,O,O,O,O,O,O,O,X,O,O,X,O,O,O,O,O,X,O,O,O,O,O,O,X,O,X,O,O,O,O,O,O,O,O,O,O,X,X,O
O,X,O,O,O,O,O,O,O,O,O,O,O,O,O,O,O,O,O,O,O,O,X,O,O,O,X,O,O,O,O,O,O,O,O,O,X,O,O,O
O,O,O,X,O,X,O,O,O,O,O,O,O,O,O,O,X,O,X,O,O,O,O,O,O,X,O,O,O,O,X,O,O,O,X,O,X,O,O,O
O,O,O,X,O,O,X,X,O,O,O,O,O,X,O,O,O,O,O,O,O,O,O,O,X,O,O,O,O,O,O,O,O,X,O,O,O,O,O,O
O,O,O,O,O,O,O,O,O,O,X,O,X,O,X,O,O,O,O,O,X,O,X,O,X,X,O,O,X,O,O,O,O,O,O,O,O,X,O,O
O,O,X,O,O,X,O,O,O,O,O,O,O,O,O,O,O,O,O,O,O,O,O,O,O,O,O,O,O,O,O,O,O,O,O,X,O,O,O,O
O,O,O,O,O,X,X,X,O,O,O,O,O,O,O,O,O,O,X,X,O,O,O,O,O,O,X,O,O,O,X,O,O,O,O,O,O,O,O,O
O,O,O,X,O,O,X,O,O,O,O,O,O,O,O,O,O,O,X,O,O,O,O,O,O,O,O,O,O,O,O,X,O,X,O,O,O,O,O,O
O,O,X,O,O,X,O,O,X,O,O,O,O,X,O,O,O,O,X,O,O,X,O,O,X,O,O,X,X,O,X,X,O,O,O,O,X,O,O,X
O,X,X,O,O,O,O,O,O,O,X,O,O,O,O,O,O,O,O,O,X,X,O,O,O,O,O,X,O,X,O,O,O,X,O,O,X,O,O,O
X,O,X,O,O,O,O,O,O,O,O,O,O,O,O,O,O,O,O,O,O,O,X,O,O,O,O,O,O,O,O,O,O,O,O,O,O,X,O,O
X,O,O,O,O,O,O,O,O,O,O,O,O,O,O,X,O,O,O,O,O,O,O,O,O,O,O,O,O,O,X,O,O,O,O,O,O,O,O,O
O,O,O,O,O,O,O,O,X,X,O,O,O,O,O,O,X,O,X,O,O,O,X,O,O,O,O,O,O,O,O,O,O,O,O,O,O,O,X,O
O,O,O,O,O,X,O,O,O,O,O,O,O,O,O,O,O,O,O,O,O,O,O,O,O,O,O,O,O,O,O,O,O,O,O,O,O,O,O,O
O,O,O,O,O,O,O,O,O,O,O,O,O,O,X,O,X,O,O,O,O,O,O,X,X,O,O,O,O,O,O,O,O,O,O,O,O,O,O,O
O,O,O,X,X,O,X,X,X,O,O,O,O,O,O,O,O,O,O,O,O,X,O,O,O,O,O,O,O,O,O,X,O,O,O,O,O,O,X,O
O,O,O,O,O,O,O,O,O,O,X,O,O,O,O,O,O,O,O,O,O,X,O,O,O,O,O,O,O,O,O,O,O,O,O,O,O,O,O,O
O,O,O,O,O,O,O,O,X,X,O,O,O,O,O,O,X,O,O,O,O,O,O,X,O,O,O,O,O,O,O,O,O,O,O,X,O,X,O,O
O,O,O,O,O,X,O,X,X,O,O,O,X,O,O,O,X,X,X,O,X,X,O,O,O,O,X,O,O,O,O,X,O,X,O,O,O,O,X,O
O,O,X,O,O,O,O,O,O,X,O,O,O,O,X,X,X,O,X,O,O,O,O,X,O,O,O,O,O,O,O,O,O,O,X,O,O,O,O,O
X,X,X,O,O,O,O,O,O,X,O,O,O,O,O,O,O,O,O,X,O,X,O,O,O,X,O,X,O,O,O,X,O,X,O,O,O,O,X,O
O,X,O,O,O,X,O,X,O,O,O,O,O,X,O,X,X,O,O,O,O,O,O,O,O,O,O,O,X,O,O,O,X,O,X,O,O,O,O,X
O,O,O,O,O,O,O,O,X,S,X,O,O,O,O,X,O,O,O,O,O,O,O,O,O,O,O,O,O,O,X,O,O,O,O,O,O,O,X,O
X,X,X,O,X,O,O,O,O,O,O,O,O,O,O,O,X,O,O,O,O,O,O,O,O,O,X,O,O,O,O,O,O,X,O,O,X,O,O,O
O,X,O,O,O,O,O,O,O,O,X,X,O,O,O,X,O,O,O,O,O,X,O,X,X,O,O,X,O,O,X,O,O,O,X,O,O,O,O,O
O,O,O,O,X,X,O,X,O,O,O,X,O,O,X,X,O,O,X,O,O,O,O,O,O,O,O,O,O,O,O,O,O,O,O,X,O,X,X,O
O,O,X,O,O,O,O,X,O,O,O,O,X,O,O,O,O,O,O,O,O,O,O,O,O,O,O,O,O,O,O,O,O,O,O,O,O,O,X,X
O,O,O,O,O,X,O,X,O,O,O,O,O,O,O,O,O,X,O,O,X,O,O,O,X,O,O,O,X,O,O,O,O,X,O,O,X,O,O,O
